[{"uri":"C:/Users/Moklasur/Desktop/CapDemo/RubyFramework/features/OrangeHRM.feature","id":"as-a-user-i-should-be-able-to-login-to-orangehrm-application-and-test-different-functionality","keyword":"Feature","name":"As a user I should be able to login to OrangeHRM Application and test different functionality","description":"","line":1,"elements":[{"id":"as-a-user-i-should-be-able-to-login-to-orangehrm-application-and-test-different-functionality;login","keyword":"Scenario","name":"Login","description":"","line":3,"type":"scenario","before":[{"match":{"location":"features/support/hooks.rb:47"},"result":{"status":"passed","duration":3645552197}}],"steps":[{"keyword":"Given ","name":"User navigate to OrangeHRM Login Page","line":4,"match":{"location":"features/step_definitions/OrangeHRM.rb:1"},"result":{"status":"passed","duration":2238167099}},{"keyword":"When ","name":"User Login to the application","line":5,"match":{"location":"features/step_definitions/OrangeHRM.rb:5"},"result":{"status":"passed","duration":2188964039}}],"after":[{"match":{"location":"features/support/hooks.rb:104"},"result":{"status":"passed","duration":633557}}]},{"id":"as-a-user-i-should-be-able-to-login-to-orangehrm-application-and-test-different-functionality;simple-web-app-api-testing","keyword":"Scenario","name":"Simple Web App API Testing","description":"","line":8,"type":"scenario","before":[{"match":{"location":"features/support/hooks.rb:47"},"result":{"status":"passed","duration":3565735924}}],"steps":[{"keyword":"Given ","name":"the client authenticate with username and password","line":9,"match":{"location":"features/step_definitions/SampleWebApp.rb:18"},"result":{"status":"passed","duration":250314410}},{"keyword":"Given ","name":"User Send A Get HTTP Request","line":10,"match":{"location":"features/step_definitions/SampleWebApp.rb:29"},"result":{"status":"passed","duration":154142907}},{"keyword":"Then ","name":"User verify the response code","line":11,"output":["Status Code For the Request:200"],"match":{"location":"features/step_definitions/SampleWebApp.rb:24"},"result":{"status":"passed","duration":3877918}}],"after":[{"match":{"location":"features/support/hooks.rb:104"},"result":{"status":"passed","duration":480793}}]}]}]